{
  "version": 2,
  "rewrites": [
    {
      "source": "/api/(.*)",
      "destination": "https://village-co-backend-production.up.railway.app/api/$1"
    },
    {
      "source": "/(.*)",
      "destination": "/index.html"
    }
  ],
  "headers": [
    {
      "source": "/api/(.*)",
      "headers": [
        {
          "key": "Access-Control-Allow-Origin",
          "value": "*"
        },
        {
          "key": "Access-Control-Allow-Methods",
          "value": "GET, POST, PUT, DELETE, OPTIONS"
        },
        {
          "key": "Access-Control-Allow-Headers",
          "value": "X-Requested-With, Content-Type, Accept, Authorization"
        }
      ]
    }
  ],
  "functions": {
    "src/pages/api/*.js": {
      "runtime": "nodejs18.x"
    }
  }
}